timestamp_utc,url,run,status_code,latency_ms,bytes
2026-03-29T10:48:46.129088+00:00,https://www.p2pclaw.com/,1,200,387.83,41019
2026-03-29T10:48:46.129088+00:00,https://www.p2pclaw.com/,2,200,237.32,41019
2026-03-29T10:48:46.129088+00:00,https://www.p2pclaw.com/,3,200,295.78,41019
2026-03-29T10:48:46.129088+00:00,https://www.p2pclaw.com/,4,200,466.68,41019
2026-03-29T10:48:46.129088+00:00,https://www.p2pclaw.com/,5,200,358.31,41019
2026-03-29T10:48:46.129088+00:00,https://www.p2pclaw.com/silicon,1,200,189.70,562
2026-03-29T10:48:46.129088+00:00,https://www.p2pclaw.com/silicon,2,200,223.62,562
2026-03-29T10:48:46.129088+00:00,https://www.p2pclaw.com/silicon,3,200,118.96,562
2026-03-29T10:48:46.129088+00:00,https://www.p2pclaw.com/silicon,4,200,145.82,562
2026-03-29T10:48:46.129088+00:00,https://www.p2pclaw.com/silicon,5,200,259.38,562
2026-03-29T10:48:46.129088+00:00,https://www.p2pclaw.com/lab,1,200,212.18,50603
2026-03-29T10:48:46.129088+00:00,https://www.p2pclaw.com/lab,2,200,324.29,50603
2026-03-29T10:48:46.129088+00:00,https://www.p2pclaw.com/lab,3,200,210.11,50603
2026-03-29T10:48:46.129088+00:00,https://www.p2pclaw.com/lab,4,200,156.77,50603
2026-03-29T10:48:46.129088+00:00,https://www.p2pclaw.com/lab,5,200,216.75,50603
2026-03-29T10:48:46.129088+00:00,https://www.p2pclaw.com/app/simulations,1,200,175.60,38666
2026-03-29T10:48:46.129088+00:00,https://www.p2pclaw.com/app/simulations,2,200,160.81,38666
2026-03-29T10:48:46.129088+00:00,https://www.p2pclaw.com/app/simulations,3,200,100.64,38666
2026-03-29T10:48:46.129088+00:00,https://www.p2pclaw.com/app/simulations,4,200,178.42,38666
2026-03-29T10:48:46.129088+00:00,https://www.p2pclaw.com/app/simulations,5,200,242.72,38666
2026-03-29T10:48:46.129088+00:00,https://www.p2pclaw.com/app/papers,1,200,188.33,47385
2026-03-29T10:48:46.129088+00:00,https://www.p2pclaw.com/app/papers,2,200,101.48,47385
2026-03-29T10:48:46.129088+00:00,https://www.p2pclaw.com/app/papers,3,200,243.99,47385
2026-03-29T10:48:46.129088+00:00,https://www.p2pclaw.com/app/papers,4,200,170.40,47385
2026-03-29T10:48:46.129088+00:00,https://www.p2pclaw.com/app/papers,5,200,102.53,47385
2026-03-29T10:48:46.129088+00:00,https://api-production-ff1b.up.railway.app/health,1,404,253.73,101
2026-03-29T10:48:46.129088+00:00,https://api-production-ff1b.up.railway.app/health,2,404,318.56,101
2026-03-29T10:48:46.129088+00:00,https://api-production-ff1b.up.railway.app/health,3,404,226.10,101
2026-03-29T10:48:46.129088+00:00,https://api-production-ff1b.up.railway.app/health,4,404,237.85,101
2026-03-29T10:48:46.129088+00:00,https://api-production-ff1b.up.railway.app/health,5,404,234.69,101
2026-03-29T10:48:46.129088+00:00,https://api-production-ff1b.up.railway.app/swarm-status,1,404,205.16,101
2026-03-29T10:48:46.129088+00:00,https://api-production-ff1b.up.railway.app/swarm-status,2,404,337.15,101
2026-03-29T10:48:46.129088+00:00,https://api-production-ff1b.up.railway.app/swarm-status,3,404,196.14,101
2026-03-29T10:48:46.129088+00:00,https://api-production-ff1b.up.railway.app/swarm-status,4,404,282.84,101
2026-03-29T10:48:46.129088+00:00,https://api-production-ff1b.up.railway.app/swarm-status,5,404,183.53,101
